{
    "name": "Crypto", 
    "version": "0.2.0", 
    "keywords": [
        "aes128", 
        "aes192", 
        "aes256", 
        "speck", 
        "ctr", 
        "cfb", 
        "cbc", 
        "ofb", 
        "eax", 
        "gcm", 
        "xts", 
        "chacha", 
        "chachapoly", 
        "sha256", 
        "sha512", 
        "sha3_256", 
        "sha3_512", 
        "blake2s", 
        "blake2b", 
        "shake128", 
        "shake256", 
        "poly1305", 
        "ghash", 
        "omac", 
        "curve25519", 
        "ed25519", 
        "p521", 
        "rng", 
        "noise"
    ], 
    "description": "Arduino CryptoLibs - All cryptographic algorithms have been optimized for 8-bit Arduino platforms like the Uno", 
    "authors": [
        {
            "email": "rhys.weatherley@gmail.com", 
            "url": "https://rweather.github.io/arduinolibs/crypto.html", 
            "maintainer": false, 
            "name": "Rhys Weatherley"
        }
    ], 
    "export": {
        "include": "libraries/Crypto"
    }, 
    "repository": {
        "type": "git", 
        "url": "https://github.com/rweather/arduinolibs.git"
    }, 
    "frameworks": [
        "arduino"
    ], 
    "platforms": [
        "atmelavr", 
        "atmelsam", 
        "espressif32", 
        "espressif8266", 
        "intel_arc32", 
        "microchippic32", 
        "nordicnrf51", 
        "nordicnrf52", 
        "ststm32", 
        "teensy", 
        "timsp430"
    ], 
    "id": 1168
}